round_no,best_para,time,best_fitness
0,"[8.233389421979584, 107.28127175820302, 47.682760639389635, 3.236400881792439, 13.182012882335703, 0.11013606421051952, 0.020969132994779118, 0.7112748848587735, 6.438444505135519]",13.278061387222222,0.05641612038016319
