round_no,best_para,time,best_fitness
0,"[5.798212556382618, 310.7321222428357, 25.99003043109751, 2.7936485285092707, 13.178628876597195, 0.264655951536073, 0.011305854550325888, 0.38524351596789475, 7.144437728004858]",9.8721018825,0.04276080057024956
